Model,R2,RMSE
LinearRegression,-0.012510802712783153,144.99322136350185
RandomForest,-0.02096544624165575,145.59732236520063
KNN,-0.18922330861817938,157.13740341170177
NeuralNetwork,-0.03244670586623388,146.41369048985337
